{
    "final_cp_result": [
        886,
        1915,
        2494,
        653,
        1314
    ],
    "fina_cp_llr": [
        0.26442018151283264,
        0.35105425119400024,
        0.3845256268978119,
        0.4286549985408783,
        0.5713449716567993
    ],
    "type": "text",
    "time_processing": 11
}