{
    "final_cp_result": [
        981,
        1992,
        2613,
        1257,
        2500
    ],
    "fina_cp_llr": [
        0.2740534543991089,
        0.26688152551651,
        0.4590650200843811,
        0.3650398254394531,
        0.6349602341651917
    ],
    "type": "text",
    "time_processing": 14
}