{
    "final_cp_result": [
        747,
        317,
        452
    ],
    "final_cp_llr": [
        1.0,
        0.18811336159706116,
        0.1968424767255783
    ],
    "type": "text",
    "time_processing": 8
}