{
    "final_cp_result": [
        630,
        1317,
        2180,
        2514,
        3140,
        3613,
        3901,
        4546,
        811,
        1370,
        1939,
        2783,
        3473,
        4009,
        4872
    ],
    "fina_cp_llr": [
        0.08362603932619095,
        0.0871691182255745,
        0.1538737416267395,
        0.1547851860523224,
        0.1561468243598938,
        0.15194274485111237,
        0.06588898599147797,
        0.1465674489736557,
        0.0722615197300911,
        0.08856753259897232,
        0.12091130763292313,
        0.2065519392490387,
        0.12811455130577087,
        0.212513729929924,
        0.17107941210269928
    ],
    "type": "text",
    "time_processing": 133
}